log(File Size),Naïve,Zone,Blackscholes Speedup
22,0.127994,0.127022,1.007652218
23,0.242313,0.204106,1.187191949
24,0.453463,0.296513,1.529319119
25,1.56898,0.586728,2.67411816
26,4.16263,0.971267,4.285773119
